    
/*------------------------------------------------------INSERCION DE DATOS-----------------------------------------------------------*/

USE leon_labs;

/*-----------EMPLEADOS----------*/

INSERT INTO EMPLEADOS (legajo,nombre,apellido,sexo,domicilio,cant_hijos,vianda,area,categoria,linea_produccion,antiguedad,sueldo,fecha_ingreso )
VALUES
(1, 'Gaylene', 'Penelli', 'F', '57 Bayside Point',0, 'Clasica', 'Mantenimiento', 'Operario',0,21,1000.00, '2002-01-01'),
(2, 'Calida', 'Moffett', 'F', '18833 Miller Circle',2, 'Vegetariana', 'Administracion', 'Operario',0,21,1000.00, '2002-01-02'),
(3, 'Thorn', 'Duignan', 'M', '2 Springview Avenue',0, 'Clasica', 'Produccion', 'Operario', '4',21,1000.00, '2002-03-06'),
(4, 'Jone', 'Ridoutt', 'M', '89 Cascade Point',0, 'Minuta', 'Produccion', 'Operario', '1',21,1000.00, '2002-03-24'),
(5, 'Humfrid', 'Shearme', 'M', '4125 Bunting Avenue',1, 'Clasica', 'Administracion', 'Operario',0,21,1000.00, '2002-04-09'),
(6, 'Doralynne', 'Huster', 'F', '68694 Mandrake Point',2, 'Vegetariana', 'Administracion', 'Operario',0,21,1000.00, '2002-04-26'),
(7, 'Seymour', 'Kovelmann', 'M', '9 Crownhardt Place',0, 'Vegetariana', 'Administracion', 'Operario',0,20,1000.00, '2002-06-08'),
(8, 'Emmerich', 'Branson', 'M', '4683 Fieldstone Parkway',4, 'Minuta', 'Produccion', 'Operario', '2',20,1000.00, '2002-06-12'),
(9, 'Oran', 'McConville', 'M', '4 Riverside Road',2, 'Minuta', 'Administracion', 'Operario',0,20,1000.00, '2002-06-18'),
(10, 'Margo', 'Schoroder', 'F', '663 American Point',2, 'Minuta', 'Produccion', 'Operario', '4',20,1000.00, '2002-07-23'),
(11, 'Valeria', 'Shemming', 'F', '38191 Pierstorff Avenue',1, 'Vegetariana', 'Produccion', 'Operario', '2',20,1000.00, '2002-07-26'),
(12, 'Brook', 'Baitey', 'M', '4393 Hollow Ridge Center',2, 'Minuta', 'Produccion', 'Operario', '1',20,1000.00, '2002-08-27'),
(13, 'Glen', 'Blythe', 'M', '936 Swallow Hill',0, 'Clasica', 'Administracion', 'Supervisor',0,20,3000.00, '2002-09-10'),
(14, 'Patrick', 'Shipton', 'M', '33 Texas Pass',0, 'Vegetariana', 'Administracion', 'Operario',0,20,1000.00, '2002-09-23'),
(15, 'Tabbie', 'Tosspell', 'F', '701 Macpherson Court',4, 'Clasica', 'Produccion', 'Operario', '3',20,1000.00, '2002-09-28'),
(16, 'Kaspar', 'Denacamp', 'M', '66619 Vernon Terrace',0, 'Celiacos', 'Produccion', 'Operario', '1',20,1000.00, '2002-10-21'),
(17, 'Mano', 'Bucknell', 'M', '0096 Browning Trail',1, 'Celiacos', 'Mantenimiento', 'Operario',0,20,1000.00, '2002-12-13'),
(18, 'Darcy', 'Lyness', 'F', '54 Ilene Park',3, 'Clasica', 'Produccion', 'Operario', '3',20,1000.00, '2002-12-30'),
(19, 'Annice', 'Teaser', 'F', '2993 Sugar Alley',4, 'Clasica', 'Produccion', 'Operario', '2',20,1000.00, '2003-01-07'),
(20, 'Kylie', 'Allport', 'M', '3 Northview Park',1, 'Clasica', 'Produccion', 'Operario', '4',20,1000.00, '2003-03-15'),
(21, 'Bertha', 'Andrey', 'F', '82244 Golf Course Way',1, 'Celiacos', 'Administracion', 'Supervisor',0,20,3000.00, '2003-04-27'),
(22, 'Jarvis', 'Lethbrig', 'M', '0 Maywood Hill',0, 'Clasica', 'Mantenimiento', 'Operario',0,19,1000.00, '2003-06-11'),
(23, 'Fabian', 'Fateley', 'M', '38607 Burrows Plaza',1, 'Clasica', 'Produccion', 'Operario', '2',19,1000.00, '2003-06-22'),
(24, 'Dickie', 'Placidi', 'M', '539 Schmedeman Crossing',2, 'Clasica', 'Administracion', 'Operario',0,19,1000.00, '2003-08-14'),
(25, 'Herb', 'Mewhirter', 'M', '264 Oak Valley Drive',1, 'Clasica', 'Control de Calidad', 'Operario',0,19,1000.00, '2003-08-15'),
(26, 'Darb', 'Ronisch', 'M', '5 La Follette Place',0, 'Minuta', 'Produccion', 'Operario', '2',19,1000.00, '2003-08-18'),
(27, 'Marlena', 'Adamovitz', 'F', '9 Mccormick Crossing',2, 'Vegetariana', 'Microbiologia', 'Operario',0,19,1000.00, '2003-11-18'),
(28, 'Gasper', 'Crellim', 'M', '5683 Hansons Alley',2, 'Clasica', 'Administracion', 'Operario',0,19,1000.00, '2003-11-27'),
(29, 'Vere', 'Prigg', 'F', '7 Marcy Drive',3, 'Clasica', 'Produccion', 'Operario', '1',19,1000.00, '2004-01-30'),
(30, 'Jan', 'Blaisdell', 'F', '32887 Weeping Birch Junction',4, 'Clasica', 'Control de Calidad', 'Operario',0,19,1000.00, '2004-03-08'),
(31, 'Darby', 'Macci', 'M', '7 Nova Terrace',2, 'Vegetariana', 'Produccion', 'Operario', '4',19,1000.00, '2004-03-29'),
(32, 'Gertrude', 'Genn', 'F', '11 Anniversary Parkway',3, 'Clasica', 'Microbiologia', 'Operario',0,19,1000.00, '2004-03-30'),
(33, 'Greggory', 'Heamus', 'M', '16 Kensington Plaza',0, 'Clasica', 'Produccion', 'Operario', '1',19,1000.00, '2004-04-30'),
(34, 'Graeme', 'Stanbro', 'M', '5 Fairfield Court',1, 'Vegetariana', 'Produccion', 'Operario', '3',18,1000.00, '2004-07-01'),
(35, 'Gill', 'Paute', 'M', '119 Longview Lane',1, 'Celiacos', 'Administracion', 'Operario',0,18,1000.00, '2004-07-18'),
(36, 'Carmen', 'Mathe', 'F', '27592 Debs Circle',3, 'Minuta', 'Administracion', 'Operario',0,18,1000.00, '2004-08-11'),
(37, 'Alvie', 'Munby', 'M', '6 Carberry Street',1, 'Minuta', 'Administracion', 'Operario',0,18,1000.00, '2004-08-25'),
(38, 'Harli', 'Doone', 'F', '44661 Dovetail Drive',3, 'Clasica', 'Administracion', 'Operario',0,18,1000.00, '2004-09-07'),
(39, 'Gay', 'Jiricka', 'M', '97 Huxley Place',0, 'Celiacos', 'Administracion', 'Operario',0,18,1000.00, '2004-12-10'),
(40, 'Caralie', 'Walstow', 'F', '502 Haas Avenue',0, 'Clasica', 'Control de Calidad', 'Operario',0,18,1000.00, '2004-12-30'),
(41, 'Emyle', 'Diment', 'F', '661 Randy Plaza',0, 'Clasica', 'Produccion', 'Operario', '3',18,1000.00, '2005-03-08'),
(42, 'Hoyt', 'Proppers', 'M', '6744 Vernon Place',2, 'Vegetariana', 'Mantenimiento', 'Operario',0,18,1000.00, '2005-03-23'),
(43, 'Mill', 'Rudsdale', 'M', '71860 Leroy Junction',2, 'Celiacos', 'Administracion', 'Operario',0,18,1000.00, '2005-04-18'),
(44, 'Sherlocke', 'Davenall', 'M', '25328 Twin Pines Parkway',2, 'Minuta', 'Microbiologia', 'Supervisor',0,18,3000.00, '2005-04-23'),
(45, 'Antony', 'Sloyan', 'M', '78769 4th Place',4, 'Celiacos', 'Microbiologia', 'Operario',0,17,1000.00, '2005-05-12'),
(46, 'Dione', 'Martinie', 'F', '13228 Bayside Parkway',2, 'Clasica', 'Control de Calidad', 'Operario',0,17,1000.00, '2005-05-19'),
(47, 'Karee', 'Aronin', 'F', '4446 Namekagon Road',0, 'Clasica', 'Produccion', 'Operario', '4',17,1000.00, '2005-06-01'),
(48, 'Fredric', 'Redwing', 'M', '823 Claremont Crossing',0, 'Celiacos', 'Administracion', 'Operario',0,17,1000.00, '2005-06-02'),
(49, 'Sebastiano', 'Simmgen', 'M', '88 Comanche Crossing',0, 'Minuta', 'Administracion', 'Operario',0,17,1000.00, '2005-06-06'),
(50, 'Bourke', 'Parris', 'M', '9 Claremont Court',0, 'Vegetariana', 'Administracion', 'Operario',0,17,1000.00, '2005-07-20'),
(51, 'Harley', 'Chin', 'F', '97 Elka Park',0, 'Minuta', 'Mantenimiento', 'Operario',0,17,1000.00, '2005-09-22'),
(52, 'Dolph', 'Purdie', 'M', '550 Prairieview Way',3, 'Minuta', 'Control de Calidad', 'Supervisor',0,17,3000.00, '2005-09-30'),
(53, 'Stephannie', 'Edmans', 'F', '61699 Colorado Avenue',0, 'Minuta', 'Administracion', 'Supervisor',0,17,3000.00, '2005-10-06'),
(54, 'Gussi', 'De Normanville', 'F', '6239 East Park',2, 'Clasica', 'Produccion', 'Operario', '4',17,1000.00, '2005-10-13'),
(55, 'Audrie', 'Ravenscroft', 'F', '5 Wayridge Street',2, 'Minuta', 'Produccion', 'Supervisor', '1',17,3000.00, '2005-11-29'),
(56, 'Nikolia', 'Phittiplace', 'F', '40 Glendale Plaza',1, 'Clasica', 'Administracion', 'Supervisor',0,17,3000.00, '2005-12-09'),
(57, 'Hynda', 'Northcote', 'F', '685 Amoth Alley',0, 'Clasica', 'Administracion', 'Operario',0,17,1000.00, '2005-12-12'),
(58, 'Doe', 'Blackley', 'F', '81916 Pennsylvania Street',1, 'Vegetariana', 'Produccion', 'Operario', '3',17,1000.00, '2005-12-30'),
(59, 'Nessa', 'Scarffe', 'F', '745 Petterle Park',0, 'Minuta', 'Administracion', 'Supervisor',0,17,3000.00, '2006-01-06'),
(60, 'Kesley', 'Brea', 'F', '348 Blue Bill Park Trail',1, 'Clasica', 'Produccion', 'Operario', '1',17,1000.00, '2006-02-12'),
(61, 'Brande', 'Boxen', 'F', '28 David Avenue',2, 'Minuta', 'Produccion', 'Operario', '4',17,1000.00, '2006-02-13'),
(62, 'Eustacia', 'Gosney', 'F', '8214 Clyde Gallagher Road',1, 'Minuta', 'Administracion', 'Operario',0,17,1000.00, '2006-02-19'),
(63, 'Tomasina', 'Creswell', 'F', '645 Fremont Alley',1, 'Vegetariana', 'Administracion', 'Operario',0,17,1000.00, '2006-03-27'),
(64, 'Enoch', 'Zarfat', 'M', '7 Gerald Plaza',2, 'Clasica', 'Administracion', 'Operario',0,17,1000.00, '2006-05-04'),
(65, 'Kat', 'Ahearne', 'F', '03577 East Drive',1, 'Clasica', 'Produccion', 'Supervisor', '2',16,3000.00, '2006-05-11'),
(66, 'Dew', 'Cohn', 'M', '60193 Esker Alley',2, 'Clasica', 'Produccion', 'Operario', '1',16,1000.00, '2006-05-18'),
(67, 'Stephani', 'Farney', 'F', '2 Mallard Drive',1, 'Vegetariana', 'Microbiologia', 'Supervisor',0,16,3000.00, '2006-07-12'),
(68, 'Arlen', 'Cannings', 'M', '0778 Talisman Junction',2, 'Clasica', 'Mantenimiento', 'Operario',0,16,1000.00, '2006-07-20'),
(69, 'Gaye', 'Igo', 'F', '28 Burning Wood Lane',0, 'Celiacos', 'Administracion', 'Operario',0,16,1000.00, '2006-09-09'),
(70, 'Ramona', 'Kisby', 'F', '165 Monica Road',0, 'Minuta', 'Administracion', 'Operario',0,16,1000.00, '2006-10-13'),
(71, 'Carine', 'Boyer', 'F', '2 Talmadge Park',4, 'Vegetariana', 'Produccion', 'Supervisor', '1',16,3000.00, '2006-11-09'),
(72, 'Dorolice', 'Wildber', 'F', '0610 Packers Way',0, 'Clasica', 'Administracion', 'Operario',0,16,1000.00, '2006-12-14'),
(73, 'Ardyth', 'Lamborn', 'F', '826 Porter Lane',0, 'Minuta', 'Mantenimiento', 'Operario',0,16,1000.00, '2006-12-17'),
(74, 'Anstice', 'Favey', 'F', '1 School Lane',0, 'Clasica', 'Produccion', 'Operario', '4',16,1000.00, '2006-12-28'),
(75, 'Sean', 'Godber', 'M', '0895 Jay Hill',3, 'Celiacos', 'Produccion', 'Operario', '1',16,1000.00, '2007-02-12'),
(76, 'Maggy', 'Fabbri', 'F', '774 Amoth Point',0, 'Vegetariana', 'Produccion', 'Operario', '1',16,1000.00, '2007-04-02'),
(77, 'Isabelita', 'Hammarberg', 'F', '46853 2nd Lane',0, 'Celiacos', 'Administracion', 'Operario',0,16,1000.00, '2007-04-26'),
(78, 'Cathlene', 'Peacher', 'F', '52979 Kropf Drive',3, 'Clasica', 'Produccion', 'Supervisor', '2',15,3000.00, '2007-07-15'),
(79, 'Maritsa', 'Capp', 'F', '8059 Birchwood Court',2, 'Clasica', 'Produccion', 'Operario', '3',15,1000.00, '2007-07-16'),
(80, 'Taddeo', 'McGowan', 'M', '96 Annamark Point',1, 'Minuta', 'Mantenimiento', 'Operario',0,15,1000.00, '2007-07-25'),
(81, 'Cortney', 'Kinnen', 'F', '68 Hansons Crossing',2, 'Vegetariana', 'Produccion', 'Operario', '1',15,1000.00, '2007-08-21'),
(82, 'Say', 'Pendre', 'M', '586 Esker Pass',2, 'Vegetariana', 'Microbiologia', 'Operario',0,15,1000.00, '2007-08-24'),
(83, 'Elizabet', 'Stripling', 'F', '5 Rutledge Lane',4, 'Minuta', 'Administracion', 'Operario',0,15,1000.00, '2007-12-03'),
(84, 'Bartel', 'Streeter', 'M', '509 Norway Maple Pass',0, 'Minuta', 'Control de Calidad', 'Operario',0,15,1000.00, '2008-01-03'),
(85, 'Crissie', 'Pakeman', 'F', '8 Bowman Hill',4, 'Clasica', 'Mantenimiento', 'Operario',0,15,1000.00, '2008-01-19'),
(86, 'Anderea', 'Varren', 'F', '142 Lerdahl Place',0, 'Clasica', 'Produccion', 'Operario', '2',15,1000.00, '2008-01-26'),
(87, 'Isaiah', 'Westmacott', 'M', '5325 Loftsgordon Terrace',1, 'Celiacos', 'Produccion', 'Operario', '3',15,1000.00, '2008-01-30'),
(88, 'Oona', 'Grolmann', 'F', '6 Trailsway Avenue',2, 'Vegetariana', 'Produccion', 'Operario', '3',15,1000.00, '2008-02-03'),
(89, 'Rosalind', 'Sheather', 'F', '1011 Express Avenue',1, 'Clasica', 'Control de Calidad', 'Operario',0,15,1000.00, '2008-04-23'),
(90, 'Bradford', 'Deme', 'M', '31643 Stuart Way',0, 'Minuta', 'Administracion', 'Supervisor',0,15,3000.00, '2008-05-03'),
(91, 'Eberto', 'Faulconbridge', 'M', '2 New Castle Parkway',1, 'Clasica', 'Produccion', 'Operario', '3',14,1000.00, '2008-05-19'),
(92, 'Anette', 'Pettican', 'F', '888 Farmco Circle',4, 'Clasica', 'Administracion', 'Operario',0,14,1000.00, '2008-07-05'),
(93, 'Dar', 'Tevlin', 'M', '8 Oneill Drive',0, 'Vegetariana', 'Administracion', 'Supervisor',0,14,3000.00, '2008-07-29'),
(94, 'Wolfy', 'Shorten', 'M', '83612 Rusk Hill',2, 'Clasica', 'Control de Calidad', 'Operario',0,14,1000.00, '2008-08-05'),
(95, 'Elias', 'Karczinski', 'M', '709 Sunnyside Junction',0, 'Vegetariana', 'Microbiologia', 'Operario',0,14,1000.00, '2008-08-19'),
(96, 'Obidiah', 'Dykins', 'M', '46 Magdeline Place',3, 'Celiacos', 'Produccion', 'Operario', '4',14,1000.00, '2008-09-08'),
(97, 'Steffie', 'Rubes', 'F', '44706 Eagle Crest Park',1, 'Clasica', 'Administracion', 'Operario',0,14,1000.00, '2008-10-01'),
(98, 'Pauly', 'Kensley', 'M', '3 Dovetail Circle',0, 'Clasica', 'Produccion', 'Operario', '3',14,1000.00, '2008-10-25'),
(99, 'Jorrie', 'Ruskin', 'F', '9845 Arizona Court',0, 'Minuta', 'Produccion', 'Operario', '2',14,1000.00, '2008-11-18'),
(100, 'Reinhold', 'Hark', 'M', '955 Clove Center',0, 'Vegetariana', 'Control de Calidad', 'Operario',0,14,1000.00, '2008-11-19'),
(101, 'Nicolais', 'Ickovicz', 'M', '13720 Milwaukee Center',2, 'Celiacos', 'Microbiologia', 'Operario',0,14,1000.00, '2008-12-16'),
(102, 'Hanan', 'Dearden', 'M', '697 Tennyson Way',1, 'Clasica', 'Administracion', 'Operario',0,14,1000.00, '2008-12-31'),
(103, 'Ellis', 'Flucker', 'M', '4 Florence Trail',2, 'Minuta', 'Administracion', 'Operario',0,14,1000.00, '2009-01-10'),
(104, 'Tarra', 'Mathwin', 'F', '0 Reinke Place',1, 'Clasica', 'Mantenimiento', 'Operario',0,14,1000.00, '2009-01-17'),
(105, 'Gilberto', 'Belloch', 'M', '67949 American Ash Junction',0, 'Minuta', 'Microbiologia', 'Operario',0,14,1000.00, '2009-01-22'),
(106, 'Debra', 'Fenlon', 'F', '46354 Springs Hill',2, 'Minuta', 'Administracion', 'Operario',0,14,1000.00, '2009-01-25'),
(107, 'Lin', 'Hosburn', 'M', '98595 Doe Crossing Plaza',2, 'Clasica', 'Produccion', 'Operario', '1',14,1000.00, '2009-01-27'),
(108, 'Timothea', 'Dy', 'F', '5 Haas Street',0, 'Minuta', 'Produccion', 'Operario', '3',14,1000.00, '2009-03-25'),
(109, 'Marlo', 'Loukes', 'M', '15 Texas Avenue',1, 'Minuta', 'Produccion', 'Operario', '2',13,1000.00, '2009-05-22'),
(110, 'Tudor', 'Lacoste', 'M', '4 Nova Point',1, 'Clasica', 'Control de Calidad', 'Operario',0,13,1000.00, '2009-06-19'),
(111, 'Gradey', 'Titterell', 'M', '9678 Truax Hill',4, 'Minuta', 'Microbiologia', 'Supervisor',0,13,3000.00, '2009-06-25'),
(112, 'Justin', 'Mendus', 'M', '15 American Street',2, 'Clasica', 'Administracion', 'Operario',0,13,1000.00, '2009-07-13'),
(113, 'Emmalyn', 'Mathys', 'F', '59 Sullivan Center',1, 'Clasica', 'Administracion', 'Operario',0,13,1000.00, '2009-07-18'),
(114, 'Jacob', 'Huyge', 'M', '35 Maywood Terrace',3, 'Clasica', 'Produccion', 'Operario', '3',13,1000.00, '2009-10-24'),
(115, 'Estele', 'Shevlin', 'F', '96501 Bellgrove Street',1, 'Minuta', 'Produccion', 'Operario', '4',13,1000.00, '2009-10-27'),
(116, 'Urson', 'Verdun', 'M', '92 Ridgeview Road',2, 'Minuta', 'Produccion', 'Operario', '4',13,1000.00, '2009-10-29'),
(117, 'Ulrikaumeko', 'Mathys', 'F', '45298 Cambridge Park',2, 'Clasica', 'Produccion', 'Operario', '3',13,1000.00, '2009-12-15'),
(118, 'Maryrose', 'Pounds', 'F', '9 Mcguire Terrace',1, 'Vegetariana', 'Administracion', 'Operario',0,13,1000.00, '2010-01-30'),
(119, 'Mariejeanne', 'Quade', 'F', '76 Erie Junction',0, 'Clasica', 'Administracion', 'Operario',0,13,1000.00, '2010-03-18'),
(120, 'Stoddard', 'Jewett', 'F', '943 Acker Court',0, 'Minuta', 'Produccion', 'Operario', '3',13,1000.00, '2010-04-07'),
(121, 'Clayton', 'Regelous', 'M', '170 Larry Road',3, 'Minuta', 'Control de Calidad', 'Operario',0,13,1000.00, '2010-04-10'),
(122, 'Garret', 'Ege', 'M', '9586 Ruskin Court',1, 'Minuta', 'Mantenimiento', 'Supervisor',0,13,3000.00, '2010-04-26'),
(123, 'Sallie', 'Lindermann', 'F', '2893 Hazelcrest Court',0, 'Vegetariana', 'Mantenimiento', 'Operario',0,12,1000.00, '2010-05-29'),
(124, 'Kacey', 'Corten', 'F', '5687 Golf Place',2, 'Minuta', 'Microbiologia', 'Operario',0,12,1000.00, '2010-06-07'),
(125, 'Nigel', 'Caddy', 'M', '36 La Follette Hill',0, 'Minuta', 'Produccion', 'Operario', '2',12,1000.00, '2010-07-07'),
(126, 'Arvin', 'Drackford', 'M', '70400 Raven Way',4, 'Minuta', 'Administracion', 'Operario',0,12,1000.00, '2010-07-19'),
(127, 'Jackson', 'MacChaell', 'M', '0 Blaine Road',1, 'Vegetariana', 'Administracion', 'Operario',0,12,1000.00, '2010-07-28'),
(128, 'Dietrich', 'Hugonnet', 'M', '12 Aberg Drive',0, 'Clasica', 'Produccion', 'Operario', '1',12,1000.00, '2010-08-11'),
(129, 'Sally', 'Lawling', 'F', '81 Bunting Terrace',2, 'Minuta', 'Mantenimiento', 'Operario',0,12,1000.00, '2010-09-05'),
(130, 'Sibylla', 'Wilsdon', 'F', '9 Rieder Point',0, 'Celiacos', 'Administracion', 'Operario',0,12,1000.00, '2010-09-15'),
(131, 'Darius', 'Jedrzejczak', 'M', '44 Mitchell Circle',1, 'Clasica', 'Produccion', 'Operario', '1',12,1000.00, '2010-09-18'),
(132, 'Cointon', 'Chinery', 'M', '3942 Randy Center',4, 'Clasica', 'Administracion', 'Operario',0,12,1000.00, '2010-09-24'),
(133, 'Duncan', 'Briance', 'M', '9837 Lawn Point',2, 'Clasica', 'Produccion', 'Operario', '3',12,1000.00, '2010-09-27'),
(134, 'Lester', 'Sindell', 'M', '9 Mockingbird Plaza',0, 'Celiacos', 'Produccion', 'Operario', '2',12,1000.00, '2010-11-08'),
(135, 'Brendis', 'Benmore', 'M', '6538 Forest Pass',1, 'Minuta', 'Control de Calidad', 'Operario',0,12,1000.00, '2010-12-06'),
(136, 'Cecile', 'Merner', 'F', '2720 Bultman Alley',2, 'Minuta', 'Administracion', 'Supervisor',0,12,3000.00, '2010-12-16'),
(137, 'Kissee', 'Beagin', 'F', '159 Kinsman Avenue',0, 'Minuta', 'Administracion', 'Operario',0,12,1000.00, '2010-12-29'),
(138, 'Osborn', 'Wycliff', 'M', '7 Sutteridge Place',1, 'Clasica', 'Administracion', 'Operario',0,12,1000.00, '2011-01-16'),
(139, 'Rodd', 'Glasner', 'M', '70 Pearson Court',4, 'Minuta', 'Mantenimiento', 'Operario',0,12,1000.00, '2011-02-04'),
(140, 'Hetty', 'Farquarson', 'F', '772 Monterey Junction',0, 'Clasica', 'Produccion', 'Operario', '2',12,1000.00, '2011-03-18'),
(141, 'Rod', 'Cordeau', 'M', '2198 Mosinee Way',2, 'Celiacos', 'Produccion', 'Operario', '3',11,1000.00, '2011-06-04'),
(142, 'Gilberte', 'Veasey', 'F', '11 Messerschmidt Parkway',2, 'Minuta', 'Administracion', 'Operario',0,11,1000.00, '2011-06-17'),
(143, 'Stu', 'Wakeham', 'M', '1 Lindbergh Alley',0, 'Minuta', 'Produccion', 'Operario', '1',11,1000.00, '2011-08-05'),
(144, 'Adela', 'Lamzed', 'F', '651 Cambridge Pass',0, 'Vegetariana', 'Produccion', 'Operario', '3',11,1000.00, '2011-08-08'),
(145, 'Rick', 'Boots', 'M', '657 Southridge Lane',2, 'Celiacos', 'Produccion', 'Operario', '1',11,1000.00, '2011-08-13'),
(146, 'Ian', 'Finan', 'M', '91583 Cottonwood Court',2, 'Vegetariana', 'Microbiologia', 'Operario',0,11,1000.00, '2011-08-15'),
(147, 'Frankie', 'Duncan', 'M', '0 Annamark Junction',0, 'Celiacos', 'Produccion', 'Operario', '1',11,1000.00, '2011-09-28'),
(148, 'Bridie', 'Jarrell', 'F', '12400 Lakewood Road',0, 'Minuta', 'Administracion', 'Operario',0,11,1000.00, '2011-10-17'),
(149, 'Elroy', 'Shires', 'M', '6 Lakewood Gardens Lane',2, 'Celiacos', 'Mantenimiento', 'Operario',0,11,1000.00, '2011-12-12'),
(150, 'Molli', 'Manthroppe', 'F', '583 3rd Crossing',4, 'Minuta', 'Administracion', 'Supervisor',0,11,3000.00, '2011-12-19'),
(151, 'Emery', 'Atchly', 'M', '207 Main Junction',1, 'Minuta', 'Administracion', 'Operario',0,11,1000.00, '2012-01-16'),
(152, 'Moises', 'Czapla', 'M', '01 Charing Cross Plaza',0, 'Vegetariana', 'Produccion', 'Operario', '1',11,1000.00, '2012-03-11'),
(153, 'Lynda', 'Martineau', 'F', '65 American Ash Road',4, 'Clasica', 'Microbiologia', 'Operario',0,11,1000.00, '2012-04-04'),
(154, 'Leoline', 'Hamfleet', 'F', '24 Arrowood Park',3, 'Clasica', 'Administracion', 'Operario',0,11,1000.00, '2012-04-14'),
(155, 'Brian', 'Mosley', 'M', '20 Warbler Parkway',0, 'Minuta', 'Produccion', 'Operario', '2',11,1000.00, '2012-04-22'),
(156, 'Della', 'Purkis', 'F', '92976 Ridge Oak Avenue',2, 'Minuta', 'Produccion', 'Operario', '4',10,1000.00, '2012-05-06'),
(157, 'Mikael', 'Orringe', 'M', '7 Shoshone Park',3, 'Celiacos', 'Control de Calidad', 'Supervisor',0,10,3000.00, '2012-05-09'),
(158, 'Issie', 'Catterall', 'F', '3 Clarendon Terrace',3, 'Celiacos', 'Administracion', 'Operario',0,10,1000.00, '2012-06-16'),
(159, 'Carroll', 'Ahren', 'M', '3 Roth Trail',1, 'Clasica', 'Administracion', 'Operario',0,10,1000.00, '2012-07-09'),
(160, 'Ronna', 'Strugnell', 'F', '27723 Washington Alley',0, 'Clasica', 'Administracion', 'Operario',0,10,1000.00, '2012-07-20'),
(161, 'Mart', 'Potell', 'M', '5789 East Court',4, 'Minuta', 'Mantenimiento', 'Operario',0,10,1000.00, '2012-09-18'),
(162, 'Theresa', 'Everley', 'F', '43301 Esker Drive',0, 'Vegetariana', 'Produccion', 'Supervisor', '4',10,3000.00, '2012-10-16'),
(163, 'Stanford', 'Pedley', 'M', '63 Loomis Lane',2, 'Clasica', 'Produccion', 'Operario', '4',10,1000.00, '2012-11-23'),
(164, 'Creight', 'Piggot', 'M', '68 Shasta Junction',0, 'Clasica', 'Administracion', 'Operario',0,10,1000.00, '2012-11-24'),
(165, 'Lynsey', 'Waudby', 'F', '174 Summer Ridge Circle',2, 'Clasica', 'Microbiologia', 'Operario',0,10,1000.00, '2012-11-28'),
(166, 'Agnes', 'Garfield', 'F', '0 Rowland Avenue',2, 'Clasica', 'Produccion', 'Operario', '1',10,1000.00, '2012-12-14'),
(167, 'Debi', 'Culpan', 'F', '785 Fordem Avenue',2, 'Vegetariana', 'Control de Calidad', 'Operario',0,10,1000.00, '2013-01-09'),
(168, 'Rosy', 'Hurran', 'F', '62 Logan Pass',3, 'Clasica', 'Microbiologia', 'Operario',0,10,1000.00, '2013-02-23'),
(169, 'Giraldo', 'Rainford', 'M', '07 Old Shore Plaza',4, 'Clasica', 'Produccion', 'Operario', '1',10,1000.00, '2013-04-01'),
(170, 'Elsa', 'Folomin', 'F', '5248 Commercial Trail',2, 'Celiacos', 'Microbiologia', 'Operario',0,10,1000.00, '2013-04-19'),
(171, 'Ase', 'Smittoune', 'M', '9 Grayhawk Avenue',4, 'Clasica', 'Produccion', 'Operario', '1',9,500.00, '2013-06-01'),
(172, 'Kerwinn', 'Geeves', 'M', '5 Nancy Circle',2, 'Minuta', 'Produccion', 'Operario', '2',9,500.00, '2013-07-12'),
(173, 'Lyell', 'Witter', 'M', '327 Northridge Terrace',1, 'Clasica', 'Administracion', 'Supervisor',0,9,2000.00, '2013-08-02'),
(174, 'Hadria', 'Chill', 'F', '4 Gerald Plaza',0, 'Clasica', 'Administracion', 'Operario',0,9,500.00, '2013-08-24'),
(175, 'Yardley', 'Neasham', 'M', '38454 Dwight Crossing',4, 'Clasica', 'Produccion', 'Operario', '2',9,500.00, '2013-08-31'),
(176, 'Lynn', 'Peat', 'M', '2973 Fisk Point',2, 'Minuta', 'Mantenimiento', 'Operario',0,9,500.00, '2013-09-03'),
(177, 'Washington', 'Attfield', 'M', '46 Lawn Court',0, 'Vegetariana', 'Microbiologia', 'Operario',0,9,500.00, '2013-09-18'),
(178, 'Waverly', 'Giovanardi', 'M', '18 Macpherson Drive',2, 'Clasica', 'Mantenimiento', 'Operario',0,9,500.00, '2013-10-01'),
(179, 'Natalya', 'Mowling', 'F', '73 Cardinal Place',0, 'Clasica', 'Produccion', 'Supervisor', '1',9,2000.00, '2013-11-03'),
(180, 'Hastie', 'Probart', 'M', '004 Delladonna Road',2, 'Clasica', 'Produccion', 'Operario', '4',9,500.00, '2013-11-17'),
(181, 'Rivi', 'Jupp', 'F', '66 Washington Drive',1, 'Vegetariana', 'Mantenimiento', 'Operario',0,9,500.00, '2013-12-15'),
(182, 'Tobe', 'Moreinis', 'F', '240 Lerdahl Plaza',0, 'Clasica', 'Produccion', 'Operario', '3',9,500.00, '2014-01-01'),
(183, 'Lilia', 'Netti', 'F', '589 Forest Lane',1, 'Clasica', 'Mantenimiento', 'Operario',0,9,500.00, '2014-01-09'),
(184, 'Jeanie', 'Shemming', 'F', '01151 Manitowish Plaza',0, 'Clasica', 'Produccion', 'Operario', '1',9,500.00, '2014-01-22'),
(185, 'Damaris', 'Carlson', 'F', '23207 Moland Court',0, 'Minuta', 'Administracion', 'Operario',0,9,500.00, '2014-02-10'),
(186, 'Gus', 'Conor', 'F', '1758 Sauthoff Circle',2, 'Celiacos', 'Control de Calidad', 'Operario',0,8,500.00, '2014-06-10'),
(187, 'Cloris', 'Consterdine', 'F', '04194 Eliot Hill',1, 'Clasica', 'Administracion', 'Operario',0,8,500.00, '2014-06-11'),
(188, 'Christophe', 'Blanchette', 'M', '34 Leroy Way',0, 'Vegetariana', 'Produccion', 'Operario', '4',8,500.00, '2014-06-18'),
(189, 'Quinta', 'Miskelly', 'F', '147 Holy Cross Trail',1, 'Clasica', 'Administracion', 'Operario',0,8,500.00, '2014-08-18'),
(190, 'Gonzalo', 'Nelius', 'M', '991 Manufacturers Pass',4, 'Clasica', 'Control de Calidad', 'Operario',0,8,500.00, '2014-08-27'),
(191, 'Caspar', 'Luscombe', 'M', '2 Kings Park',0, 'Clasica', 'Produccion', 'Operario', '2',8,500.00, '2014-09-03'),
(192, 'Sayre', 'Riddell', 'M', '51682 Ridge Oak Court',3, 'Minuta', 'Produccion', 'Operario', '1',8,500.00, '2014-09-22'),
(193, 'Sandra', 'Le Hucquet', 'F', '19259 Fremont Alley',2, 'Celiacos', 'Control de Calidad', 'Supervisor',0,8,2000.00, '2014-11-04'),
(194, 'Halley', 'Pinchbeck', 'F', '7 South Place',4, 'Minuta', 'Control de Calidad', 'Operario',0,8,500.00, '2014-11-14'),
(195, 'Renault', 'Edlyne', 'M', '86 Onsgard Trail',4, 'Celiacos', 'Produccion', 'Operario', '2',8,500.00, '2014-11-26'),
(196, 'Emmalynne', 'Cale', 'F', '7 Bartillon Pass',4, 'Vegetariana', 'Produccion', 'Operario', '3',8,500.00, '2014-11-30'),
(197, 'Aluin', 'Sinclair', 'M', '148 Northland Pass',1, 'Minuta', 'Produccion', 'Supervisor', '2',8,2000.00, '2015-03-22'),
(198, 'Kalvin', 'Kender', 'M', '0045 Barnett Place',1, 'Minuta', 'Produccion', 'Supervisor', '1',8,2000.00, '2015-03-24'),
(199, 'Dido', 'Attkins', 'F', '2311 Badeau Parkway',2, 'Minuta', 'Administracion', 'Operario',0,8,500.00, '2015-04-11'),
(200, 'Dottie', 'Testin', 'F', '84 Clyde Gallagher Point',2, 'Clasica', 'Administracion', 'Operario',0,8,500.00, '2015-05-02'),
(201, 'Zsazsa', 'Homme', 'F', '63821 Ronald Regan Hill',3, 'Clasica', 'Produccion', 'Supervisor', '4',7,2000.00, '2015-05-22'),
(202, 'Kingsley', 'Jahns', 'M', '21426 Hoffman Circle',3, 'Minuta', 'Administracion', 'Operario',0,7,500.00, '2015-05-28'),
(203, 'Meier', 'Donaher', 'M', '35 Katie Park',2, 'Vegetariana', 'Microbiologia', 'Operario',0,7,500.00, '2015-07-06'),
(204, 'Inge', 'Gascone', 'F', '9573 Hoepker Place',4, 'Clasica', 'Administracion', 'Operario',0,7,500.00, '2015-07-21'),
(205, 'Beth', 'Gerrish', 'F', '7 Marquette Trail',0, 'Clasica', 'Administracion', 'Operario',0,7,500.00, '2015-07-29'),
(206, 'Emera', 'McClancy', 'F', '0983 Arizona Parkway',0, 'Clasica', 'Mantenimiento', 'Operario',0,7,500.00, '2015-09-11'),
(207, 'Rivy', 'Simnor', 'F', '034 Boyd Road',2, 'Clasica', 'Produccion', 'Operario', '4',7,500.00, '2015-10-11'),
(208, 'Pepito', 'Bevar', 'M', '1 Thierer Crossing',0, 'Clasica', 'Produccion', 'Operario', '3',7,500.00, '2015-11-09'),
(209, 'Sydney', 'Middlehurst', 'F', '4 Jenna Point',2, 'Celiacos', 'Administracion', 'Operario',0,7,500.00, '2015-11-24'),
(210, 'Jaclyn', 'Pheby', 'F', '3 Hollow Ridge Road',2, 'Vegetariana', 'Produccion', 'Operario', '1',7,500.00, '2015-12-08'),
(211, 'Uri', 'Hymer', 'M', '178 Jackson Plaza',1, 'Vegetariana', 'Mantenimiento', 'Operario',0,7,500.00, '2016-01-11'),
(212, 'Jeremy', 'Delagua', 'M', '5100 Larry Drive',0, 'Clasica', 'Administracion', 'Operario',0,7,500.00, '2016-01-30'),
(213, 'Slade', 'Evequot', 'M', '01 Sauthoff Crossing',4, 'Clasica', 'Produccion', 'Operario', '1',7,500.00, '2016-03-04'),
(214, 'Melba', 'Blitz', 'F', '5 Spenser Way',0, 'Minuta', 'Control de Calidad', 'Operario',0,6,500.00, '2016-05-11'),
(215, 'Derrik', 'Hassewell', 'M', '3036 Eagle Crest Lane',2, 'Vegetariana', 'Microbiologia', 'Operario',0,6,500.00, '2016-06-13'),
(216, 'Romeo', 'Laroux', 'M', '7 Independence Circle',1, 'Vegetariana', 'Produccion', 'Operario', '4',6,500.00, '2016-07-12'),
(217, 'Megan', 'Syvret', 'F', '2242 Rockefeller Trail',2, 'Vegetariana', 'Produccion', 'Supervisor', '3',6,2000.00, '2016-08-10'),
(218, 'Vale', 'Cavill', 'M', '365 Arkansas Place',0, 'Clasica', 'Produccion', 'Operario', '3',6,500.00, '2016-08-20'),
(219, 'Corrianne', 'Locks', 'F', '23 Lakewood Gardens Point',0, 'Clasica', 'Microbiologia', 'Supervisor',0,6,2000.00, '2016-09-27'),
(220, 'Dorette', 'Leavens', 'F', '7664 Riverside Crossing',0, 'Clasica', 'Produccion', 'Operario', '3',6,500.00, '2016-10-18'),
(221, 'Kali', 'Larkin', 'F', '21 Kennedy Way',3, 'Minuta', 'Mantenimiento', 'Operario',0,6,500.00, '2016-11-21'),
(222, 'Roanna', 'Calterone', 'F', '18716 Blue Bill Park Crossing',0, 'Clasica', 'Microbiologia', 'Operario',0,6,500.00, '2016-12-27'),
(223, 'Son', 'Riddiough', 'M', '2085 Buhler Center',0, 'Clasica', 'Administracion', 'Supervisor',0,6,2000.00, '2017-01-24'),
(224, 'Pearline', 'O Mullen', 'F', '92831 Schiller Crossing',3, 'Clasica', 'Produccion', 'Supervisor', '3',6,2000.00, '2017-02-01'),
(225, 'Joya', 'Albrooke', 'F', '427 Pawling Plaza',1, 'Clasica', 'Produccion', 'Supervisor', '1',6,2000.00, '2017-03-20'),
(226, 'Suellen', 'Harridge', 'F', '96836 Hoffman Street',0, 'Celiacos', 'Control de Calidad', 'Operario',0,6,500.00, '2017-04-17'),
(227, 'Temple', 'Jefferys', 'M', '0339 Summer Ridge Crossing',1, 'Minuta', 'Administracion', 'Operario',0,5,500.00, '2017-05-22'),
(228, 'Shannon', 'Murrhaupt', 'M', '7814 Nelson Terrace',0, 'Minuta', 'Produccion', 'Operario', '4',5,500.00, '2017-06-06'),
(229, 'Rodolfo', 'Hazeman', 'M', '1993 Moulton Circle',0, 'Clasica', 'Produccion', 'Operario', '2',5,500.00, '2017-07-02'),
(230, 'Emlen', 'Vause', 'M', '42165 Manitowish Road',0, 'Vegetariana', 'Administracion', 'Operario',0,5,500.00, '2017-08-09'),
(231, 'Sherwynd', 'Gwillyam', 'M', '57474 Everett Avenue',1, 'Clasica', 'Administracion', 'Operario',0,5,500.00, '2017-11-17'),
(232, 'Emmy', 'Matthessen', 'M', '1876 Onsgard Center',2, 'Vegetariana', 'Produccion', 'Operario', '2',5,500.00, '2017-12-08'),
(233, 'Brana', 'Ingraham', 'F', '6289 Jackson Lane',2, 'Clasica', 'Produccion', 'Operario', '4',5,500.00, '2017-12-29'),
(234, 'Layla', 'Mulqueeny', 'F', '329 Mcbride Drive',3, 'Clasica', 'Produccion', 'Supervisor', '4',5,2000.00, '2018-01-05'),
(235, 'Tomasine', 'Reddington', 'F', '2 Summit Hill',0, 'Clasica', 'Produccion', 'Operario', '4',5,500.00, '2018-01-24'),
(236, 'Dixie', 'Le land', 'F', '3 Ruskin Point',0, 'Clasica', 'Administracion', 'Supervisor',0,5,2000.00, '2018-01-27'),
(237, 'Barret', 'Needham', 'M', '8 Crownhardt Street',0, 'Clasica', 'Administracion', 'Supervisor',0,5,2000.00, '2018-01-28'),
(238, 'Che', 'Davidovicz', 'M', '0722 Village Way',2, 'Clasica', 'Produccion', 'Operario', '4',5,500.00, '2018-02-12'),
(239, 'Everard', 'Peachment', 'M', '7533 Basil Parkway',0, 'Vegetariana', 'Mantenimiento', 'Operario',0,5,500.00, '2018-03-30'),
(240, 'Didi', 'Keyse', 'F', '575 Northfield Way',2, 'Clasica', 'Mantenimiento', 'Operario',0,5,500.00, '2018-04-15'),
(241, 'Julina', 'Limerick', 'F', '29147 Lunder Crossing',1, 'Clasica', 'Mantenimiento', 'Operario',0,4,500.00, '2018-05-07'),
(242, 'Inger', 'Collyns', 'M', '91374 Mitchell Terrace',0, 'Clasica', 'Produccion', 'Operario', '1',4,500.00, '2018-05-08'),
(243, 'Dorthy', 'Hounsome', 'F', '8 Scofield Junction',0, 'Minuta', 'Produccion', 'Operario', '4',4,500.00, '2018-05-18'),
(244, 'Rollins', 'Bazoche', 'M', '6 Clarendon Trail',1, 'Clasica', 'Administracion', 'Supervisor',0,4,2000.00, '2018-05-28'),
(245, 'Ronna', 'Jowett', 'F', '6488 Emmet Alley',0, 'Clasica', 'Produccion', 'Supervisor', '4',4,2000.00, '2018-06-22'),
(246, 'Devin', 'Kehri', 'F', '70 2nd Alley',3, 'Clasica', 'Produccion', 'Operario', '2',4,500.00, '2018-07-01'),
(247, 'Glory', 'Zanre', 'F', '8 Nobel Point',2, 'Minuta', 'Produccion', 'Operario', '3',4,500.00, '2018-07-15'),
(248, 'Henrietta', 'Vales', 'F', '6 Northridge Parkway',0, 'Minuta', 'Produccion', 'Operario', '4',4,500.00, '2018-07-18'),
(249, 'Carma', 'Dudson', 'F', '80450 Warrior Trail',2, 'Clasica', 'Mantenimiento', 'Operario',0,4,500.00, '2018-07-29'),
(250, 'Tatiania', 'Gullifant', 'F', '46361 Heath Plaza',1, 'Celiacos', 'Mantenimiento', 'Operario',0,4,500.00, '2018-08-21'),
(251, 'Carolan', 'Kennermann', 'F', '51 Buell Road',0, 'Minuta', 'Produccion', 'Operario', '4',4,500.00, '2018-09-09'),
(252, 'Federica', 'Kment', 'F', '002 Dapin Court',4, 'Vegetariana', 'Microbiologia', 'Operario',0,4,500.00, '2018-09-10'),
(253, 'Dannie', 'Fotitt', 'M', '52 Upham Parkway',2, 'Vegetariana', 'Microbiologia', 'Operario',0,4,500.00, '2018-10-10'),
(254, 'Harp', 'Adkins', 'M', '64754 East Place',2, 'Vegetariana', 'Administracion', 'Operario',0,4,500.00, '2018-12-04'),
(255, 'Franchot', 'Fermer', 'M', '60 Lakewood Gardens Point',1, 'Minuta', 'Administracion', 'Operario',0,4,500.00, '2019-01-15'),
(256, 'Emyle', 'Quinn', 'F', '6 Blue Bill Park Parkway',0, 'Clasica', 'Produccion', 'Operario', '3',4,500.00, '2019-01-20'),
(257, 'Caresse', 'Jouhning', 'F', '8 Village Place',3, 'Minuta', 'Mantenimiento', 'Supervisor',0,4,2000.00, '2019-02-21'),
(258, 'Rutledge', 'Blower', 'M', '27949 Kim Park',1, 'Vegetariana', 'Administracion', 'Operario',0,4,500.00, '2019-03-24'),
(259, 'Kit', 'Anton', 'M', '4536 Burning Wood Crossing',1, 'Minuta', 'Microbiologia', 'Operario',0,4,500.00, '2019-04-09'),
(260, 'Bernadina', 'Springell', 'F', '8337 Pond Avenue',0, 'Clasica', 'Control de Calidad', 'Operario',0,3,500.00, '2019-07-03'),
(261, 'Morlee', 'Hardwidge', 'M', '4 Brown Road',0, 'Minuta', 'Microbiologia', 'Operario',0,3,500.00, '2019-07-14'),
(262, 'Claudius', 'Sproson', 'M', '5848 Shopko Crossing',1, 'Clasica', 'Mantenimiento', 'Operario',0,3,500.00, '2019-07-23'),
(263, 'Leena', 'Colls', 'F', '42064 Leroy Pass',1, 'Clasica', 'Mantenimiento', 'Operario',0,3,500.00, '2019-07-24'),
(264, 'Blane', 'Celiz', 'M', '18866 Grover Court',2, 'Vegetariana', 'Microbiologia', 'Operario',0,3,500.00, '2019-07-26'),
(265, 'Sayers', 'Le Grand', 'M', '8 Namekagon Circle',4, 'Vegetariana', 'Produccion', 'Operario', '4',3,500.00, '2019-09-24'),
(266, 'Alfredo', 'Keinrat', 'M', '035 Sunbrook Terrace',2, 'Minuta', 'Administracion', 'Operario',0,3,500.00, '2019-10-11'),
(267, 'Adam', 'Creavin', 'M', '5 Sundown Pass',1, 'Vegetariana', 'Produccion', 'Operario', '4',3,500.00, '2019-10-13'),
(268, 'Editha', 'Armell', 'F', '2 Weeping Birch Trail',1, 'Minuta', 'Produccion', 'Operario', '2',3,500.00, '2019-11-11'),
(269, 'Dorthea', 'Stranieri', 'F', '78948 Comanche Alley',1, 'Minuta', 'Administracion', 'Operario',0,3,500.00, '2019-11-24'),
(270, 'Perle', 'Aspall', 'F', '7513 Pine View Plaza',0, 'Minuta', 'Produccion', 'Operario', '1',3,500.00, '2019-11-28'),
(271, 'Boothe', 'Leaves', 'M', '69 Kennedy Plaza',1, 'Clasica', 'Administracion', 'Supervisor',0,3,2000.00, '2019-12-01'),
(272, 'Engelbert', 'Lynam', 'M', '45675 Anderson Point',4, 'Minuta', 'Produccion', 'Operario', '3',3,500.00, '2020-01-30'),
(273, 'Elston', 'Elves', 'M', '1211 Village Green Hill',0, 'Clasica', 'Administracion', 'Operario',0,3,500.00, '2020-02-06'),
(274, 'Agneta', 'Bearward', 'F', '7 Heffernan Plaza',3, 'Clasica', 'Produccion', 'Operario', '3',3,500.00, '2020-02-11'),
(275, 'Farra', 'Skipton', 'F', '7 Nancy Circle',1, 'Minuta', 'Produccion', 'Supervisor', '4',3,2000.00, '2020-03-18'),
(276, 'Merrel', 'Rouff', 'M', '20052 Mariners Cove Circle',0, 'Minuta', 'Produccion', 'Operario', '3',3,500.00, '2020-04-07'),
(277, 'Christi', 'Garrett', 'F', '1056 Rockefeller Drive',1, 'Clasica', 'Produccion', 'Operario', '1',3,500.00, '2020-04-13'),
(278, 'Glynis', 'Runnicles', 'F', '2 Sloan Avenue',2, 'Celiacos', 'Administracion', 'Operario',0,2,500.00, '2020-05-04'),
(279, 'Davis', 'Vickery', 'M', '1 Nelson Point',1, 'Clasica', 'Control de Calidad', 'Operario',0,2,500.00, '2020-06-03'),
(280, 'Aubrey', 'Ramel', 'F', '565 Pond Lane',2, 'Vegetariana', 'Administracion', 'Operario',0,2,500.00, '2020-09-24'),
(281, 'Frederique', 'Lauridsen', 'F', '7581 Mallard Park',1, 'Minuta', 'Produccion', 'Operario', '4',2,500.00, '2020-10-25'),
(282, 'Carola', 'Decaze', 'F', '62 Victoria Pass',2, 'Minuta', 'Produccion', 'Operario', '2',2,500.00, '2020-12-19'),
(283, 'Frederico', 'Bewsey', 'M', '33704 Hooker Avenue',2, 'Clasica', 'Produccion', 'Operario', '1',2,500.00, '2021-01-13'),
(284, 'Bendix', 'Murgatroyd', 'M', '596 Loftsgordon Junction',1, 'Clasica', 'Control de Calidad', 'Operario',0,2,500.00, '2021-02-11'),
(285, 'Isadora', 'MacAlister', 'F', '1243 Acker Pass',1, 'Minuta', 'Produccion', 'Operario', '3',2,500.00, '2021-03-23'),
(286, 'Denis', 'Crepel', 'M', '39 Oak Valley Junction',0, 'Vegetariana', 'Produccion', 'Operario', '1',2,500.00, '2021-03-24'),
(287, 'Sharla', 'De Francisci', 'F', '5171 South Park',2, 'Vegetariana', 'Produccion', 'Operario', '4',2,500.00, '2021-04-06'),
(288, 'Hy', 'Temperton', 'M', '47 Eastwood Plaza',2, 'Clasica', 'Produccion', 'Operario', '2',1,500.00, '2021-05-05'),
(289, 'Alphonso', 'MacCaughen', 'M', '10 Stone Corner Crossing',1, 'Minuta', 'Produccion', 'Operario', '2',1,500.00, '2021-05-13'),
(290, 'Thaddeus', 'Itzik', 'M', '6 Lunder Junction',2, 'Clasica', 'Produccion', 'Supervisor', '2',1,2000.00, '2021-05-28'),
(291, 'Vanni', 'Elvish', 'F', '8148 Emmet Terrace',4, 'Clasica', 'Produccion', 'Operario', '1',1,500.00, '2021-06-01'),
(292, 'Maisey', 'Jouanot', 'F', '19504 Dayton Hill',2, 'Minuta', 'Produccion', 'Operario', '2',1,500.00, '2021-06-13'),
(293, 'Cleveland', 'Queen', 'M', '8518 Cody Court',3, 'Minuta', 'Mantenimiento', 'Operario',0,1,500.00, '2021-08-14'),
(294, 'Shurlock', 'Lyal', 'M', '6307 Blackbird Court',0, 'Clasica', 'Mantenimiento', 'Operario',0,1,500.00, '2021-09-21'),
(295, 'Melisande', 'Prate', 'F', '3213 Schurz Park',3, 'Minuta', 'Produccion', 'Operario', '1',1,500.00, '2021-10-12'),
(296, 'Sascha', 'Bransden', 'M', '86955 Di Loreto Place',2, 'Clasica', 'Mantenimiento', 'Operario',0,1,500.00, '2021-11-10'),
(297, 'Muriel', 'Lovatt', 'F', '3308 Ramsey Park',4, 'Clasica', 'Produccion', 'Operario', '3',1,500.00, '2021-11-13'),
(298, 'Merrili', 'MacElroy', 'F', '8 Esch Street',0, 'Minuta', 'Control de Calidad', 'Operario',0,1,500.00, '2022-01-05'),
(299, 'Giavani', 'Philson', 'M', '49 Merchant Park',0, 'Clasica', 'Produccion', 'Operario', '2',1,500.00, '2022-02-16'),
(300, 'Lindsay', 'Hollow', 'F', '02122 Oak Valley Crossing',0, 'Celiacos', 'Mantenimiento', 'Operario',0,1,500.00, '2022-02-19'),
(301, 'Agnella', 'Trevor', 'F', '234 Fisk Center',1, 'Clasica', 'Produccion', 'Supervisor', '4',1,2000.00, '2022-02-21'),
(302, 'Townsend', 'Rydzynski', 'M', '966 Florence Terrace',3, 'Clasica', 'Produccion', 'Operario', '4',1,500.00, '2022-03-10'),
(303, 'Arley', 'Luckhurst', 'M', '955 Logan Street',0, 'Vegetariana', 'Produccion', 'Operario', '3',1,500.00, '2022-03-26'),
(304, 'Menard', 'Dickson', 'M', '1402 Morning Circle',0, 'Celiacos', 'Produccion', 'Operario', '2',1,500.00, '2022-04-05'),
(305, 'Brennan', 'Lesaunier', 'M', '9731 Gina Lane',0, 'Clasica', 'Administracion', 'Operario',0,1,500.00, '2022-04-27'),
(306, 'Taryn', 'Goeff', 'F', '15 Center Junction',4, 'Clasica', 'Produccion', 'Supervisor', '1',0,2000.00, '2022-05-13'),
(307, 'Barney', 'Denidge', 'M', '26 Loeprich Trail',1, 'Clasica', 'Produccion', 'Operario', '2',0,500.00, '2022-05-29'),
(308, 'Cherey', 'Wolfenden', 'F', '518 Lakeland Road',1, 'Clasica', 'Produccion', 'Operario', '3',0,500.00, '2022-06-30'),
(309, 'Derrik', 'Bouch', 'M', '5 Stephen Lane',1, 'Vegetariana', 'Administracion', 'Operario',0,0,500.00, '2022-07-05'),
(310, 'Kizzee', 'Sirl', 'F', '69 Sunfield Point',3, 'Clasica', 'Administracion', 'Operario',0,0,500.00, '2022-07-10'),
(311, 'Eula', 'Biasini', 'F', '755 Green Ridge Plaza',0, 'Celiacos', 'Administracion', 'Operario',0,0,500.00, '2022-07-12'),
(312, 'Halsy', 'Ardling', 'M', '0579 Sundown Hill',2, 'Minuta', 'Administracion', 'Operario',0,0,500.00, '2022-08-06'),
(313, 'Bunny', 'Peace', 'F', '064 Melvin Place',3, 'Minuta', 'Microbiologia', 'Operario',0,0,500.00, '2022-08-10'),
(314, 'Ellery', 'Whitelaw', 'M', '1487 Swallow Way',0, 'Clasica', 'Produccion', 'Operario', '1',0,500.00, '2022-08-27'),
(315, 'Oberon', 'Jeaneau', 'M', '8216 Hovde Junction',0, 'Clasica', 'Produccion', 'Operario', '2',0,500.00, '2022-10-28')
;

/*-----------HIJOS-----------*/

INSERT INTO HIJOS (legajo,nombre_hijo,edad_hijo)
VALUES
(2, 'Joby',9),
(2, 'Zack',5),
(5, 'Holt',11),
(6, 'Valentina',7),
(6, 'Robbin',6),
(8, 'Hal',19),
(8, 'Tommi',14),
(8, 'Cathleen',17),
(8, 'Thea',7),
(9, 'Albert',13),
(9, 'Happy',5),
(10, 'Adham',18),
(10, 'Melicent',13),
(11, 'Ev',18),
(12, 'Mabel',14),
(12, 'Wittie',21),
(15, 'Obed',5),
(15, 'Jud',14),
(15, 'Patrizius',13), 
(15, 'Wallie',16)
;

/*---------------------------LINEA_PRODUCCION---------------------------*/

INSERT INTO LINEA_PRODUCCION (id,linea_produccion,legajo)
VALUES
(1,4,3),
(2,1,4),
(3,2,8),
(4,4,10),
(5,2,11),
(6,1,12),
(7,3,15),
(8,1,16),
(9,3,18),
(10,2,19),
(11,4,20),
(12,2,23),
(13,2,26),
(14,1,29),
(15,4,31),
(16,1,33),
(17,3,34),
(18,3,41),
(19,4,47),
(20,4,54),
(21,1,55),
(22,3,58),
(23,1,60),
(24,4,61),
(25,2,65),
(26,1,66),
(27,1,71),
(28,4,74),
(29,1,75),
(30,1,76),
(31,2,78),
(32,3,79),
(33,1,81),
(34,2,86),
(35,3,87),
(36,3,88),
(37,3,91),
(38,4,96),
(39,3,98),
(40,2,99),
(41,1,107),
(42,3,108),
(43,2,109),
(44,3,114),
(45,4,115),
(46,4,116),
(47,3,117),
(48,3,120),
(49,2,125),
(50,1,128),
(51,1,131),
(52,3,133),
(53,2,134),
(54,2,140),
(55,3,141),
(56,1,143),
(57,3,144),
(58,1,145),
(59,1,147),
(60,1,152),
(61,2,155),
(62,4,156),
(63,4,162),
(64,4,163),
(65,1,166),
(66,1,169),
(67,1,171),
(68,2,172),
(69,2,175),
(70,1,179),
(71,4,180),
(72,3,182),
(73,1,184),
(74,4,188),
(75,2,191),
(76,1,192),
(77,2,195),
(78,3,196),
(79,2,197),
(80,1,198),
(81,4,201),
(82,4,207),
(83,3,208),
(84,1,210),
(85,1,213),
(86,4,216),
(87,3,217),
(88,3,218),
(89,3,220),
(90,3,224),
(91,1,225),
(92,4,228),
(93,2,229),
(94,2,232),
(95,4,233),
(96,4,234),
(97,4,235),
(98,4,238),
(99,1,242),
(100,4,243),
(101,4,245),
(102,2,246),
(103,3,247),
(104,4,248),
(105,4,251),
(106,3,256),
(107,4,265),
(108,4,267),
(109,2,268),
(110,1,270),
(111,3,272),
(112,3,274),
(113,4,275),
(114,3,276),
(115,1,277),
(116,4,281),
(117,2,282),
(118,1,283),
(119,3,285),
(120,1,286),
(121,4,287),
(122,2,288),
(123,2,289),
(124,2,290),
(125,1,291),
(126,2,292),
(127,1,295),
(128,3,297),
(129,2,299),
(130,4,301),
(131,4,302),
(132,3,303),
(133,2,304),
(134,1,306),
(135,2,307),
(136,3,308),
(137,1,314),
(138,2,315)
;

/*------------------SERVICIOS-----------------*/

INSERT INTO SERVICIOS (id_servicio,tipo_servicio,costo_servicio,fecha_vencimiento)
VALUES
(1, 'Gas',500.00, '2020-01-10'),
(2, 'Luz',1000.00, '2020-01-10'),
(3, 'Agua',200.00, '2020-01-10'),
(4, 'N2 tubo de gas',80.00, '2020-01-10'),
(5, 'HCL tubo de gas',150.00, '2020-01-10'),
(6, 'Incineracion de residuos',200.00, '2020-01-10'),
(7, 'Gas',600.00, '2020-02-10'),
(8, 'Luz',1200.00, '2020-02-10'),
(9, 'Agua',200.00, '2020-02-10'),
(10, 'N2 tubo de gas',80.00, '2020-02-10'),
(11, 'H2 tubo de gas',150.00, '2020-02-10'),
(12, 'Incineracion de residuos',200.00, '2020-02-10'),
(13, DEFAULT,500.00, '2020-03-10'),
(14, 'Luz',100.00, '2020-03-10'),
(15, 'Agua',200.00, '2020-03-10'),
(16, 'N2 tubo de gas',80.00, '2020-03-10'),
(17, 'Incineracion de residuos',200.00, '2020-03-10'),
(18, 'Gas',700.00, '2020-04-10'),
(19, 'Luz',1100.00, '2020-04-10'),
(20, 'Agua',200.00, '2020-04-10'),
(21, 'N2 tubo de gas',80.00, '2020-04-10'),
(22, 'Incineracion de residuos',200.00, '2020-04-10')
;

/*--------------------SERVICIOS_OP---------------------*/


INSERT INTO SERVICIOS_OP(id,id_servicios_op,id_servicio)
VALUES
(1,1,1),
(2,1,2),
(3,1,3),
(4,1,4),
(5,1,5),
(6,1,6),
(7,2,7),
(8,2,8),
(9,2,9),
(10,2,10),
(11,2,11),
(12,2,12),
(13,3,13),
(14,3,14),
(15,3,15),
(16,3,16),
(17,3,17),
(18,4,18),
(19,4,19),
(20,4,20),
(21,4,21),
(22,4,22)
;


/*-----------------DEPOSITO_INSUMOS-------------------*/

INSERT INTO DEPOSITO_INSUMOS (id_insumo,tipo_insumo,stock,precio_unitario,fecha_ingreso,fecha_vencimiento)
VALUES
(1, 'OCTINOXATE and TITANIUM DIOXIDE', 66, 856.91, '2020-03-08', '2023-04-06'),
(2, 'povidone-iodine', 56, 824.46, '2020-03-04', '2023-02-13'),
(3, 'Titanium Dioxide', 88, 877.35, '2020-03-10', '2023-03-04'),
(4, 'phenylephrine hcl', 48, 392.46, '2020-03-09', '2023-03-18'),
(5, 'erythromycin', 10, 840.58, '2020-02-13', '2023-04-21'),
(6, 'midodrine hydrochloride', 92, 475.04, '2020-03-06', '2023-03-14'),
(7, 'Antiperspirant and Deodorant', 90, 245.61, '2020-02-03', '2023-03-17'),
(8, 'House Fly', 95, 665.65, '2020-03-12', '2023-04-01'),
(9, 'Eucalyptus e fol. 5', 42, 220.14, '2020-03-15', '2023-02-16'),
(10, 'Alcohol', 45, 529.01, '2020-01-07', '2023-04-06'),
(11, 'Titanium Dioxide', 93, 624.52, '2020-01-14', '2023-03-11'),
(12, 'Etodolac', 59, 457.44, '2020-01-28', '2023-04-19'),
(13, 'quetiapine fumarate', 80, 938.38, '2020-03-29', '2023-04-04'),
(14, 'Pseudoephedrine Hydrochloride', 46, 715.07, '2020-01-21', '2023-04-05'),
(15, 'Dextromethorphan HBr', 52, 218.28, '2020-03-15', '2023-03-22'),
(16, 'thioridazine hydrochloride', 51, 706.64, '2020-01-17', '2023-04-04'),
(17, 'Ampicillin', 14, 590.03, '2020-02-13', '2023-03-28'),
(18, 'OXYGEN', 2, 994.27, '2020-03-14', '2023-02-09'),
(19, 'spironolactone', 57, 903.63, '2020-01-16', '2023-04-24'),
(20, 'Folliculinum, ', 77, 213.48, '2020-01-25', '2023-03-25')
;

/*-------------------ORDEN_INSUMOS--------------------*/

INSERT INTO ORDEN_INSUMO (id_orden_insumo,id_insumo,cant_necesaria)
VALUES
(1, 3, 7.50),
(2, 20, 5.60),
(3, 10, 4.70),
(4, 14, 5.55),
(5, 10, 6.51),
(6, 14, 10.66),
(7, 5, 7.22),
(8, 10, 8.70),
(9, 11, 10.70),
(10, 15, 7.80),
(11, 5, 6.50),
(12, 16, 8.12),
(13, 19, 5.50),
(14, 13, 1.52),
(15, 4, 6.63),
(16, 19, 4.12),
(17, 3, 4.42),
(18, 9, 8.47),
(19, 14, 10.92),
(20, 7, 9.20)
;

/*------------------INFO_LOTE------------------*/

INSERT INTO INFO_LOTE (lote,estado_lote,SA)
VALUES
('L-MED-101-22', 'Cuarentena', 1395241),
('L-MED-102-22', 'Aprobado', 2304058),
('L-MED-103-22', 'Aprobado', 8531405),
('L-MED-104-22', 'Aprobado', 3753005),
('L-MED-105-22', 'Aprobado', 2085320),
('L-MED-106-22', 'Aprobado', 4292923),
('L-MED-107-22', 'Aprobado', 8877788),
('L-MED-108-22', 'Aprobado', 7289009),
('L-MED-109-22', 'Aprobado', 4289669),
('L-MED-110-22', 'Aprobado', 4830798),
('L-MED-111-22', 'Aprobado', 3802254),
('L-MED-112-22', 'Aprobado', 3935427),
('L-MED-113-22', 'Aprobado', 8546276),
('L-MED-114-22', 'Aprobado', 5876155),
('L-MED-115-22', 'Aprobado', 1571052),
('L-MED-116-22', 'Aprobado', 5585866),
('L-MED-117-22', 'Aprobado', 8713508),
('L-MED-118-22', 'Aprobado', 9665757),
('L-MED-119-22', 'Aprobado', 1033655),
('L-MED-120-22', 'Aprobado', 3814052)
;

/*------------------VENTAS--------------------*/

INSERT INTO VENTAS (id_venta, precio_venta, cliente) 
VALUES 
(1, 2336822, 'Grimes-Monahan'),
(2, 7611270, 'Davis-Koelpin'),
(3, 9774759, 'Robel-VonRueden'),
(4, 8749173, 'Hessel, Berge and Greenholt'),
(5, 8891938, 'Runolfsson, Cruickshank and Krajcik'),
(6, 1044321, 'Barton LLC'),
(7, 8627090, 'Rodriguez, Prohaska and Rolfson'),
(8, 3510081, 'Harris-Hessel'),
(9, 4569263, 'Nicolas Group'),
(10, 7823729, 'Christiansen-Johns'),
(11, 2013875, 'Koepp-White'),
(12, 5680107, 'Pfannerstill, Ziemann and Von'),
(13, 1255605, 'Jacobson, Gleason and Christiansen'),
(14, 9185997, 'Jenkins Inc'),
(15, 2970667, 'Johnston and Sons'),
(16, 2250128, 'Rice and Sons'),
(17, 7963145, 'Fahey-Hermann'),
(18, 9054910, 'Friesen Group'),
(19, 8009166, 'Waters-Kohler'),
(20, 7571017, 'Dietrich, Fay and Lemke')
;

/*---------------------ENVIOS----------------------*/

INSERT INTO ENVIOS (id_envio, pais_destino, empresa_envio, costo_envio, fecha_entrega) 
VALUES 
(1, 'China', 'Oyondu', 2177.22, '2020-06-30'),
(2, 'Brazil', 'Mymm', 2958.14, '2020-03-12'),
(3, 'Czech Republic', 'Quaxo', 2841.13, '2020-06-06'),
(4, 'Venezuela', 'Youbridge', 2053.51, '2020-05-20'),
(5, 'Malaysia', 'Meembee', 1739.66, '2020-04-10'),
(6, 'Indonesia', 'Dablist', 2404.0, '2020-06-02'),
(7, 'Indonesia', 'Meemm', 2791.46, '2020-07-24'),
(8, 'Portugal', 'Npath', 2796.34, '2020-06-01'),
(9, 'Canada', 'Youspan', 2284.45, '2020-04-27'),
(10, 'United States', 'Cogibox', 2945.36, '2020-06-11'),
(11, 'Philippines', 'Livetube', 2463.35, '2020-06-20'),
(12, 'United States', 'Flashspan', 2150.92, '2020-06-09'),
(13, 'Indonesia', 'Divavu', 2628.07, '2020-07-23'),
(14, 'Guam', 'Avamba', 2246.53, '2020-07-08'),
(15, 'Poland', 'Babbleset', 1229.06, '2020-07-03'),
(16, 'France', 'Eadel', 1161.84, '2020-08-03'),
(17, 'Portugal', 'Gabtune', 2871.51, '2020-08-17'),
(18, 'China', 'Twitternation', 1071.67, '2020-09-20'),
(19, 'Venezuela', 'Quinu', 1782.82, '2020-09-19'),
(20, 'Mexico', 'Flipstorm', 2259.39, '2020-08-14')
;

/*---------------------FECHAS----------------------*/

INSERT INTO FECHAS(fecha_pactada,fecha_entrega,resultado)
VALUES
('2020-06-24', '2020-06-30', 'NO CUMPLIO'),
('2020-03-12', '2020-03-12', 'CUMPLIO'),
('2020-06-06', '2020-06-06', 'CUMPLIO'),
('2020-05-20', '2020-05-20', 'CUMPLIO'),
('2020-04-10', '2020-04-10', 'CUMPLIO'),
('2020-06-02', '2020-06-02', 'CUMPLIO'),
('2020-07-24', '2020-07-24', 'CUMPLIO'),
('2020-06-01', '2020-06-01', 'CUMPLIO'),
('2020-04-27', '2020-04-27', 'CUMPLIO'),
('2020-06-11', '2020-06-11', 'CUMPLIO'),
('2020-06-20', '2020-06-20', 'CUMPLIO'),
('2020-06-09', '2020-06-09', 'CUMPLIO'),
('2020-07-23', '2020-07-23', 'CUMPLIO'),
('2020-07-08', '2020-07-08', 'CUMPLIO'),
('2020-07-03', '2020-07-03', 'CUMPLIO'),
('2020-08-03', '2020-08-03', 'CUMPLIO'),
('2020-08-17', '2020-08-17', 'CUMPLIO'),
('2020-09-20', '2020-09-20', 'CUMPLIO'),
('2020-09-19', '2020-09-19', 'CUMPLIO'),
('2020-08-14', '2020-08-14', 'CUMPLIO')
;

/*--------------ORDEN_PRODUCCION--------------*/

INSERT INTO ORDEN_PRODUCCION (id_op,lote,id_orden_insumo,id_servicios_op,id_venta,id_envio,cant_supervisores,cant_operarios,cant_unidades,linea_produccion,fecha_emision,fecha_pactada)
VALUES
(1, 'L-MED-101-22', 1, 1, 1, 1, 6, 23, 4005, 3, '2020-01-01', '2020-06-24'),
(2, 'L-MED-102-22', 2, 1, 2, 2, 7, 27, 2564, 1, '2020-01-05', '2020-03-12'),
(3, 'L-MED-103-22', 3, 1, 3, 3, 10, 22, 4833, 1, '2020-01-10', '2020-06-06'),
(4, 'L-MED-104-22', 4, 1, 4, 4, 8, 21, 4271, 4, '2020-01-16', '2020-05-20'),
(5, 'L-MED-105-22', 5, 2, 5, 5, 10, 27, 4011, 4, '2020-02-01', '2020-04-10'),
(6, 'L-MED-106-22', 6, 2, 6, 6, 6, 23, 4311, 4, '2020-02-09', '2020-06-02'),
(7, 'L-MED-107-22', 7, 2, 7, 7, 9, 30, 3665, 1, '2020-02-13', '2020-07-24'),
(8, 'L-MED-108-22', 8, 2, 8, 8, 9, 30, 4669, 4, '2020-02-19', '2020-06-01'),
(9, 'L-MED-109-22', 9, 2, 9, 9, 10, 26, 2779, 1, '2020-02-27', '2020-04-27'),
(10, 'L-MED-110-22', 10, 3, 10, 10, 8, 22, 3877, 2, '2020-03-01', '2020-06-11'),
(11, 'L-MED-111-22', 11, 3, 11, 11, 10, 22, 2342, 4, '2020-03-04', '2020-06-20'),
(12, 'L-MED-112-22', 12, 3, 12, 12, 5, 22, 4044, 1, '2020-03-07', '2020-06-09'),
(13, 'L-MED-113-22', 13, 3, 13, 13, 9, 23, 2010, 3, '2020-03-15', '2020-07-23'),
(14, 'L-MED-114-22', 14, 3, 14, 14, 5, 20, 2953, 2, '2020-03-25', '2020-07-08'),
(15, 'L-MED-115-22', 15, 3, 15, 15, 7, 22, 3788, 1, '2020-03-27', '2020-07-03'),
(16, 'L-MED-116-22', 16, 4, 16, 16, 7, 22, 4650, 2, '2020-04-08', '2020-08-03'),
(17, 'L-MED-117-22', 17, 4, 17, 17, 5, 29, 3099, 3, '2020-04-12', '2020-08-17'),
(18, 'L-MED-118-22', 18, 4, 18, 18, 7, 23, 4435, 2, '2020-04-19', '2020-09-20'),
(19, 'L-MED-119-22', 19, 4, 19, 19, 8, 20, 4302, 4, '2020-04-23', '2020-09-19'),
(20, 'L-MED-120-22', 20, 4, 20, 20, 5, 26, 2584, 2, '2020-04-28', '2020-08-14')
;

-- End of file.
